﻿Designator,Footprint,Quantity,Value,LCSC Part #
"C1, C10, C11, C2, C3, C4, C5, C6",0402,8,1uF,C52923
"C12, C13, C14, C17",1206,4,47u,C96123
C15,0402,1,100n,C1525
C16,0603,1,22u,C59461
"C7, C8, C9",0603,3,10u,C19702
D4,0603,1,RED,C2286
J1,USB_C_Receptacle_HRO_TYPE-C-31-M-12,1,USB_C_Receptacle_USB2.0_14P,C165948
J2,"TerminalBlock_Phoenix_MPT-0,5-8-2.54_1x08_P2.54mm_Horizontal",1,Conn_01x08,C474926
J3,JST_PH_B2B-PH-SM4-TB_1x02-1MP_P2.00mm_Vertical,1,Conn_01x02_Socket,C160352
"R1, R2",0402,2,5.1k,C25905
"R10, R11, R12, R3, R4, R5, R6, R8, R9",0402,9,2.2k,C25879
R23,0402,1,10k,C25744
R7,0402,1,220,C25091
SW1,SW_Push_1P1T_XKB_TS-1187A,1,SW_Push,C318884
SW2,SW-SMD_MK-12C02-G025,1,SW_SPDT,C778186
U1,ESP32-C3-WROOM-02,1,ESP32-C3-WROOM-02,C2934560
U2,SOT-23-5,1,XC6220B331MR,C86534
"U3, U4, U6, U7",VSSOP-10_3x3mm_P0.5mm,4,DRV2605LDGS,
U8,TSOT-23-5,1,TP4054,C32574
