﻿Designator,Footprint,Quantity,Value,LCSC Part #
"C1, C10, C11, C2, C3, C4, C5, C6",0402,8,1uF,C52923
C12,CP_Elec_6.3x7.7,1,220u,C22395160
"C15, C22",0402,2,100n,C1525
C16,0603,1,22u,C59461
C17,1206,1,47u,C96123
"C7, C8, C9",0603,3,10u,C19702
D4,0603,1,RED,C2286
D5,0805,1,GREEN,C2297
D6,0805,1,YELLOW,C2296
J1,USB-C_SMD-TYPE-C-31-M-12,1,USB_C_Receptacle_USB2.0_14P,C165948
J2,"TerminalBlock_Phoenix_MPT-0,5-8-2.54_1x08_P2.54mm_Horizontal",1,Conn_01x08,C474926
J3,CONN-SMD_B2B-PH-SM4-TB-LF-SN,1,Conn_01x02_Socket,C160352
"R1, R2",0402,2,5.1k,C25905
"R10, R11, R12, R14, R15, R3, R5, R6, R8, R9",0402,10,2.2k,C25879
"R13, R16",0402,2,100,C25076
R23,0402,1,10k,C25744
R4,0402,1,3.3k,C25890
R7,0402,1,220,C25091
SW2,SW-TH_SK12D07VG3,1,SW_SPDT,C431547
SW3,SW-SMD_4P-L5.1-W5.1-P3.70-LS6.5-TL_H1.5,1,TS-1187A-B-A-B,C318884
U1,ESP32-C3-WROOM-02,1,ESP32-C3-WROOM-02,C2934560
U2,SOT-23-5,1,XC6220B331MR,C86534
U3,SOP-16_L5.0-W4.4-P0.65-LS6.4-BL,1,"PCA9546APW,118",C149507
"U5, U6, U7, U9",DSBGA-9_L1.5-W1.5-R3-C3-P0.50-BL,4,DRV2605YZFR,C81079
U8,SOT-23-5,1,TP4054,C32574
